epoch,time,train/box_loss,train/seg_loss,train/cls_loss,train/dfl_loss,train/sem_loss,metrics/precision(B),metrics/recall(B),metrics/mAP50(B),metrics/mAP50-95(B),metrics/precision(M),metrics/recall(M),metrics/mAP50(M),metrics/mAP50-95(M),val/box_loss,val/seg_loss,val/cls_loss,val/dfl_loss,val/sem_loss,lr/pg0,lr/pg1,lr/pg2,lr/pg3,lr/pg4,lr/pg5,lr/pg6,lr/pg7
1,383.801,0.51774,0.87682,2.10712,0.00566,2.94941,0.82409,0.79966,0.86955,0.81663,0.82525,0.7993,0.86505,0.82693,0.39486,0.51532,0.64525,0.0085,0,0.00997596,0.00332532,0.00997596,0.00332532,0.00997596,0.00332532,0.00997596,0.00332532
2,718.713,0.50666,0.63491,0.88158,0.00567,1.30151,0.86126,0.83438,0.91836,0.84602,0.86119,0.8347,0.9141,0.86707,0.4549,0.5093,0.54967,0.0103,0,0.0197782,0.00659273,0.0197782,0.00659273,0.0197782,0.00659273,0.0197782,0.00659273
3,1039.71,0.59183,0.68854,0.88144,0.00692,1.26959,0.82743,0.7534,0.87293,0.7633,0.82831,0.75382,0.87026,0.80041,0.60597,0.6229,0.73237,0.01448,0,0.0293824,0.00979415,0.0293824,0.00979415,0.0293824,0.00979415,0.0293824,0.00979415
4,1355.48,0.64522,0.72592,0.90221,0.00757,1.30306,0.87442,0.81271,0.90288,0.79648,0.87917,0.80984,0.90014,0.8441,0.59322,0.62987,0.61369,0.01395,0,0.029109,0.009703,0.029109,0.009703,0.029109,0.009703,0.029109,0.009703
5,1670.32,0.64163,0.69802,0.82466,0.00764,1.15999,0.87638,0.83327,0.91301,0.81263,0.87752,0.83388,0.9119,0.84874,0.55471,0.58359,0.56568,0.01302,0,0.028812,0.009604,0.028812,0.009604,0.028812,0.009604,0.028812,0.009604
6,1985.04,0.63056,0.67201,0.75313,0.00749,1.02958,0.91782,0.87666,0.9481,0.84848,0.92822,0.86772,0.94519,0.88874,0.53644,0.51719,0.44317,0.01236,0,0.028515,0.009505,0.028515,0.009505,0.028515,0.009505,0.028515,0.009505
7,2304.39,0.61663,0.64397,0.69972,0.00707,0.94642,0.92057,0.88733,0.9597,0.86876,0.92262,0.88243,0.9546,0.90577,0.5002,0.49107,0.39506,0.01153,0,0.028218,0.009406,0.028218,0.009406,0.028218,0.009406,0.028218,0.009406
8,2622.27,0.59393,0.62881,0.66509,0.00685,0.86743,0.93255,0.90686,0.96694,0.88259,0.93774,0.8999,0.96361,0.91122,0.4784,0.47951,0.36599,0.01121,0,0.027921,0.009307,0.027921,0.009307,0.027921,0.009307,0.027921,0.009307
9,2940.29,0.59143,0.62544,0.6558,0.00682,0.83867,0.92348,0.90596,0.96264,0.87958,0.92374,0.90303,0.9596,0.90769,0.4715,0.45668,0.37708,0.01092,0,0.027624,0.009208,0.027624,0.009208,0.027624,0.009208,0.027624,0.009208
10,3257.69,0.5745,0.60573,0.62584,0.00652,0.78265,0.95141,0.91756,0.9737,0.89239,0.95123,0.9141,0.96956,0.92072,0.46556,0.47121,0.32543,0.01059,0,0.027327,0.009109,0.027327,0.009109,0.027327,0.009109,0.027327,0.009109
11,3574.42,0.57115,0.60077,0.60776,0.0065,0.76268,0.95027,0.91142,0.97283,0.89274,0.95,0.90968,0.96893,0.92347,0.45571,0.43634,0.32616,0.01057,0,0.02703,0.00901,0.02703,0.00901,0.02703,0.00901,0.02703,0.00901
12,3888.77,0.5675,0.58831,0.58209,0.00644,0.72357,0.93256,0.90446,0.96435,0.88824,0.93251,0.90443,0.96188,0.91463,0.44881,0.46093,0.35833,0.01031,0,0.026733,0.008911,0.026733,0.008911,0.026733,0.008911,0.026733,0.008911
13,4203.85,0.55689,0.57264,0.56096,0.00634,0.68511,0.94983,0.92752,0.97963,0.90905,0.95503,0.92346,0.97672,0.93161,0.42724,0.4268,0.28475,0.00978,0,0.026436,0.008812,0.026436,0.008812,0.026436,0.008812,0.026436,0.008812
14,4519.84,0.54907,0.56499,0.56194,0.00623,0.67427,0.95378,0.93169,0.98176,0.90592,0.95293,0.93041,0.97827,0.93652,0.44318,0.42506,0.27396,0.0103,0,0.026139,0.008713,0.026139,0.008713,0.026139,0.008713,0.026139,0.008713
15,4835.56,0.54261,0.55956,0.53511,0.00605,0.64584,0.96191,0.93355,0.98266,0.91484,0.96236,0.93147,0.97941,0.93122,0.40699,0.42403,0.26261,0.00921,0,0.025842,0.008614,0.025842,0.008614,0.025842,0.008614,0.025842,0.008614
16,5149.99,0.53885,0.55395,0.52443,0.006,0.61857,0.96525,0.93107,0.98311,0.91525,0.96661,0.93125,0.98088,0.93644,0.42567,0.4173,0.25919,0.00991,0,0.025545,0.008515,0.025545,0.008515,0.025545,0.008515,0.025545,0.008515
17,5463.71,0.52935,0.54284,0.50613,0.00594,0.58836,0.97005,0.93733,0.98546,0.92269,0.9707,0.93723,0.98292,0.93966,0.40854,0.4212,0.24049,0.00922,0,0.025248,0.008416,0.025248,0.008416,0.025248,0.008416,0.025248,0.008416
18,5779.02,0.52289,0.54128,0.50234,0.00582,0.57814,0.97304,0.93875,0.98661,0.92413,0.97288,0.93943,0.98528,0.94159,0.40093,0.40943,0.23112,0.00909,0,0.024951,0.008317,0.024951,0.008317,0.024951,0.008317,0.024951,0.008317
19,6094.26,0.51591,0.52829,0.4936,0.00569,0.55582,0.97888,0.93688,0.98757,0.92905,0.98058,0.93599,0.98223,0.94315,0.39405,0.42352,0.22212,0.00876,0,0.024654,0.008218,0.024654,0.008218,0.024654,0.008218,0.024654,0.008218
20,6409.72,0.51636,0.53828,0.48596,0.00573,0.55785,0.96454,0.9393,0.98597,0.93052,0.9641,0.93886,0.98424,0.94755,0.38038,0.40259,0.23851,0.00862,0,0.024357,0.008119,0.024357,0.008119,0.024357,0.008119,0.024357,0.008119
21,6726.52,0.51156,0.52834,0.46757,0.00562,0.52411,0.97827,0.93409,0.98761,0.93111,0.9783,0.93412,0.9856,0.94563,0.38462,0.39559,0.22977,0.00873,0,0.02406,0.00802,0.02406,0.00802,0.02406,0.00802,0.02406,0.00802
22,7042.85,0.51348,0.53353,0.47369,0.00566,0.52882,0.98044,0.94617,0.98775,0.93018,0.98047,0.9462,0.98548,0.94839,0.38922,0.41047,0.22105,0.00882,0,0.023763,0.007921,0.023763,0.007921,0.023763,0.007921,0.023763,0.007921
23,7359.28,0.50236,0.52307,0.46015,0.00552,0.50324,0.96437,0.95825,0.98869,0.93611,0.97135,0.95014,0.98655,0.94857,0.37415,0.39767,0.20948,0.00845,0,0.023466,0.007822,0.023466,0.007822,0.023466,0.007822,0.023466,0.007822
24,7673.92,0.49522,0.51413,0.45826,0.00541,0.50726,0.95922,0.94096,0.98627,0.9368,0.96037,0.93945,0.98405,0.94845,0.36706,0.39129,0.23336,0.00829,0,0.023169,0.007723,0.023169,0.007723,0.023169,0.007723,0.023169,0.007723
25,7988.05,0.49788,0.5266,0.46216,0.00548,0.49625,0.97369,0.93839,0.98741,0.93397,0.97424,0.93913,0.98513,0.9479,0.37766,0.37994,0.23499,0.00859,0,0.022872,0.007624,0.022872,0.007624,0.022872,0.007624,0.022872,0.007624
26,8302.1,0.49821,0.51689,0.45831,0.00545,0.49007,0.97493,0.93986,0.98829,0.94108,0.97472,0.93965,0.98638,0.95108,0.35663,0.38966,0.21469,0.00792,0,0.022575,0.007525,0.022575,0.007525,0.022575,0.007525,0.022575,0.007525
27,8616.01,0.49365,0.51545,0.44691,0.00539,0.48201,0.97943,0.94493,0.98937,0.93938,0.97903,0.94455,0.98709,0.95083,0.36482,0.38933,0.20561,0.00819,0,0.022278,0.007426,0.022278,0.007426,0.022278,0.007426,0.022278,0.007426
28,8929.65,0.48589,0.49256,0.42249,0.00529,0.45216,0.96369,0.94718,0.98724,0.9396,0.96604,0.94454,0.98575,0.94907,0.3534,0.38774,0.22434,0.00781,0,0.021981,0.007327,0.021981,0.007327,0.021981,0.007327,0.021981,0.007327
29,9245.38,0.48461,0.50038,0.43412,0.00529,0.47221,0.97451,0.95051,0.98959,0.94424,0.97576,0.94784,0.98815,0.9532,0.35596,0.37777,0.20316,0.008,0,0.021684,0.007228,0.021684,0.007228,0.021684,0.007228,0.021684,0.007228
30,9560.9,0.48118,0.49437,0.43055,0.00526,0.46245,0.97708,0.93835,0.98808,0.94135,0.97749,0.93813,0.98684,0.95192,0.35945,0.37883,0.21223,0.00811,0,0.021387,0.007129,0.021387,0.007129,0.021387,0.007129,0.021387,0.007129
31,9877.82,0.47606,0.49853,0.42079,0.00518,0.43672,0.97594,0.95072,0.99031,0.94775,0.97882,0.94959,0.98956,0.95653,0.34568,0.37299,0.195,0.00763,0,0.02109,0.00703,0.02109,0.00703,0.02109,0.00703,0.02109,0.00703
32,10195.9,0.47417,0.4869,0.41692,0.00517,0.44815,0.97218,0.955,0.99026,0.94445,0.97658,0.94712,0.98794,0.95615,0.35578,0.38025,0.20018,0.00792,0,0.020793,0.006931,0.020793,0.006931,0.020793,0.006931,0.020793,0.006931
33,10513.5,0.4728,0.49121,0.4107,0.00512,0.43436,0.97974,0.94721,0.99121,0.94843,0.98041,0.94661,0.98881,0.95531,0.3425,0.37423,0.18933,0.00751,0,0.020496,0.006832,0.020496,0.006832,0.020496,0.006832,0.020496,0.006832
34,10831.9,0.4726,0.48406,0.40752,0.00507,0.4165,0.97773,0.94897,0.99024,0.94826,0.97754,0.94878,0.9884,0.95758,0.3389,0.37579,0.19554,0.00745,0,0.020199,0.006733,0.020199,0.006733,0.020199,0.006733,0.020199,0.006733
35,11150.3,0.46256,0.4798,0.41063,0.00495,0.42793,0.97324,0.94849,0.99004,0.94784,0.98486,0.93754,0.98864,0.9546,0.33788,0.37269,0.20106,0.00747,0,0.019902,0.006634,0.019902,0.006634,0.019902,0.006634,0.019902,0.006634
36,11467.3,0.4638,0.47368,0.40007,0.00494,0.40339,0.97427,0.96072,0.99111,0.95011,0.98357,0.9497,0.98978,0.95849,0.33991,0.37854,0.18552,0.00749,0,0.019605,0.006535,0.019605,0.006535,0.019605,0.006535,0.019605,0.006535
37,11783.9,0.45958,0.47071,0.38631,0.00497,0.3896,0.96837,0.96357,0.99125,0.95297,0.97857,0.95388,0.98958,0.9589,0.33152,0.36778,0.18095,0.00722,0,0.019308,0.006436,0.019308,0.006436,0.019308,0.006436,0.019308,0.006436
38,12100.6,0.45757,0.46992,0.38628,0.00495,0.40231,0.97778,0.96486,0.99197,0.95168,0.97899,0.96123,0.99037,0.9582,0.32658,0.36945,0.17039,0.00716,0,0.019011,0.006337,0.019011,0.006337,0.019011,0.006337,0.019011,0.006337
39,12417.3,0.45517,0.47106,0.38514,0.00478,0.38982,0.967,0.96075,0.99079,0.95413,0.97866,0.94796,0.9899,0.95908,0.32338,0.36362,0.18331,0.00706,0,0.018714,0.006238,0.018714,0.006238,0.018714,0.006238,0.018714,0.006238
40,12734.9,0.45141,0.46416,0.38136,0.00485,0.36851,0.97826,0.95977,0.99197,0.95645,0.97826,0.95713,0.99063,0.96152,0.32256,0.36394,0.17301,0.00709,0,0.018417,0.006139,0.018417,0.006139,0.018417,0.006139,0.018417,0.006139
41,13054.1,0.44881,0.46531,0.38876,0.00477,0.38859,0.98662,0.959,0.99281,0.9558,0.98669,0.95845,0.99125,0.961,0.32498,0.3614,0.16061,0.00719,0,0.01812,0.00604,0.01812,0.00604,0.01812,0.00604,0.01812,0.00604
42,13374.3,0.45051,0.46891,0.37064,0.00485,0.36151,0.98442,0.95674,0.99221,0.95656,0.98461,0.95447,0.99107,0.96257,0.3102,0.36339,0.16765,0.00668,0,0.017823,0.005941,0.017823,0.005941,0.017823,0.005941,0.017823,0.005941
43,13693.9,0.44214,0.46366,0.36722,0.0047,0.36497,0.97664,0.96121,0.99241,0.95832,0.98432,0.95352,0.99127,0.96264,0.31539,0.36637,0.16504,0.00679,0,0.017526,0.005842,0.017526,0.005842,0.017526,0.005842,0.017526,0.005842
44,14014.1,0.44667,0.47149,0.37506,0.00477,0.37135,0.98549,0.96021,0.9928,0.95579,0.98702,0.95639,0.99173,0.95996,0.32104,0.36354,0.15805,0.00701,0,0.017229,0.005743,0.017229,0.005743,0.017229,0.005743,0.017229,0.005743
45,14335.6,0.44559,0.46525,0.37344,0.00473,0.37859,0.98115,0.96035,0.99223,0.95819,0.98235,0.95609,0.99136,0.96299,0.31378,0.3541,0.16215,0.00684,0,0.016932,0.005644,0.016932,0.005644,0.016932,0.005644,0.016932,0.005644
46,14655.4,0.43824,0.45559,0.35159,0.00464,0.34238,0.9752,0.96929,0.99295,0.9592,0.97718,0.9647,0.99176,0.96365,0.3135,0.35707,0.15702,0.00679,0,0.016635,0.005545,0.016635,0.005545,0.016635,0.005545,0.016635,0.005545
47,14975.1,0.43956,0.46214,0.3544,0.00464,0.34479,0.97643,0.96159,0.992,0.95818,0.97637,0.95826,0.99096,0.96155,0.31083,0.35329,0.17049,0.00682,0,0.016338,0.005446,0.016338,0.005446,0.016338,0.005446,0.016338,0.005446
48,15294.6,0.43287,0.45775,0.35406,0.00461,0.33,0.97371,0.96829,0.99299,0.95953,0.98223,0.95932,0.9922,0.96436,0.31411,0.35212,0.16292,0.007,0,0.016041,0.005347,0.016041,0.005347,0.016041,0.005347,0.016041,0.005347
49,15612.6,0.42431,0.43548,0.3356,0.00455,0.32009,0.98033,0.96381,0.99265,0.96178,0.98152,0.96269,0.99184,0.96481,0.30235,0.35679,0.15471,0.00653,0,0.015744,0.005248,0.015744,0.005248,0.015744,0.005248,0.015744,0.005248
50,15930.3,0.43426,0.44928,0.35785,0.00459,0.34277,0.98444,0.96116,0.993,0.95762,0.98445,0.95953,0.99178,0.96262,0.31501,0.35941,0.15781,0.00698,0,0.015447,0.005149,0.015447,0.005149,0.015447,0.005149,0.015447,0.005149
51,16250.1,0.43291,0.45039,0.34358,0.00461,0.32229,0.97355,0.95741,0.99146,0.95847,0.9746,0.95532,0.9909,0.96318,0.30726,0.3511,0.17786,0.0067,0,0.01515,0.00505,0.01515,0.00505,0.01515,0.00505,0.01515,0.00505
52,16568.1,0.42969,0.44528,0.34598,0.00457,0.32526,0.97247,0.96274,0.99215,0.96078,0.97508,0.95756,0.99117,0.96342,0.30198,0.35553,0.17116,0.00657,0,0.014853,0.004951,0.014853,0.004951,0.014853,0.004951,0.014853,0.004951
53,16886.7,0.42473,0.43999,0.34359,0.00444,0.31556,0.97662,0.96367,0.99262,0.96035,0.976,0.96242,0.99169,0.96277,0.3044,0.35625,0.15945,0.00666,0,0.014556,0.004852,0.014556,0.004852,0.014556,0.004852,0.014556,0.004852
54,17204.9,0.43118,0.44325,0.3392,0.00457,0.30984,0.97204,0.96838,0.99229,0.95872,0.97302,0.96668,0.99195,0.96398,0.31004,0.34541,0.16056,0.00675,0,0.014259,0.004753,0.014259,0.004753,0.014259,0.004753,0.014259,0.004753
55,17524.3,0.41923,0.42717,0.33412,0.00449,0.30285,0.97163,0.97158,0.99262,0.96044,0.98006,0.96062,0.99094,0.96416,0.30022,0.36341,0.15659,0.00647,0,0.013962,0.004654,0.013962,0.004654,0.013962,0.004654,0.013962,0.004654
56,17843.9,0.41853,0.44455,0.33493,0.00438,0.32093,0.9746,0.96936,0.99281,0.96237,0.98664,0.95481,0.99225,0.9647,0.29748,0.35434,0.15549,0.00643,0,0.013665,0.004555,0.013665,0.004555,0.013665,0.004555,0.013665,0.004555
57,18162.8,0.42147,0.43745,0.33442,0.00451,0.29648,0.97801,0.97147,0.99316,0.96271,0.97678,0.96828,0.99245,0.96586,0.29984,0.35415,0.14873,0.00652,0,0.013368,0.004456,0.013368,0.004456,0.013368,0.004456,0.013368,0.004456
58,18482.4,0.4183,0.43574,0.33035,0.00443,0.31533,0.97949,0.97604,0.99357,0.9648,0.97806,0.97391,0.99313,0.96638,0.2988,0.35357,0.14001,0.00648,0,0.013071,0.004357,0.013071,0.004357,0.013071,0.004357,0.013071,0.004357
59,18802,0.41139,0.4303,0.31364,0.00431,0.28433,0.98492,0.97255,0.99366,0.9658,0.98471,0.96873,0.9928,0.96643,0.29291,0.35274,0.14036,0.0063,0,0.012774,0.004258,0.012774,0.004258,0.012774,0.004258,0.012774,0.004258
60,19119.3,0.40943,0.4292,0.31625,0.00428,0.29364,0.98147,0.97289,0.99366,0.96639,0.98119,0.96905,0.99313,0.96648,0.28934,0.34867,0.13784,0.00617,0,0.012477,0.004159,0.012477,0.004159,0.012477,0.004159,0.012477,0.004159
61,19436.7,0.40536,0.42673,0.31206,0.00421,0.2861,0.98376,0.96472,0.99338,0.96694,0.98354,0.96411,0.99273,0.96756,0.28397,0.34828,0.13812,0.00601,0,0.01218,0.00406,0.01218,0.00406,0.01218,0.00406,0.01218,0.00406
62,19751.7,0.40353,0.4245,0.30666,0.00414,0.26342,0.97867,0.9744,0.99355,0.96577,0.97789,0.97048,0.99273,0.96719,0.2883,0.34878,0.13796,0.00617,0,0.011883,0.003961,0.011883,0.003961,0.011883,0.003961,0.011883,0.003961
63,20066.8,0.39456,0.42218,0.30405,0.00402,0.26843,0.98471,0.97193,0.99375,0.96706,0.98279,0.96907,0.9931,0.96833,0.28149,0.34284,0.13688,0.00594,0,0.011586,0.003862,0.011586,0.003862,0.011586,0.003862,0.011586,0.003862
64,20381.7,0.39658,0.41917,0.30151,0.00411,0.27003,0.9845,0.97427,0.99386,0.96798,0.98616,0.96938,0.99324,0.96914,0.28185,0.34217,0.13652,0.00597,0,0.011289,0.003763,0.011289,0.003763,0.011289,0.003763,0.011289,0.003763
65,20697.4,0.39702,0.41822,0.30094,0.00409,0.26877,0.98549,0.96728,0.99354,0.96759,0.98315,0.96451,0.99192,0.96848,0.28276,0.35437,0.13761,0.00595,0,0.010992,0.003664,0.010992,0.003664,0.010992,0.003664,0.010992,0.003664
66,21013,0.39168,0.41919,0.28956,0.00404,0.25982,0.98121,0.97779,0.99372,0.96881,0.98019,0.97377,0.99319,0.96896,0.27842,0.34465,0.13452,0.00586,0,0.010695,0.003565,0.010695,0.003565,0.010695,0.003565,0.010695,0.003565
67,21329.9,0.38607,0.40979,0.2855,0.00396,0.25103,0.98266,0.97525,0.99395,0.96969,0.98369,0.96921,0.99336,0.97002,0.27611,0.34337,0.13565,0.00581,0,0.010398,0.003466,0.010398,0.003466,0.010398,0.003466,0.010398,0.003466
68,21645.9,0.38586,0.41359,0.28091,0.00398,0.25324,0.98418,0.97695,0.99405,0.96946,0.98308,0.97415,0.99363,0.96943,0.27586,0.34112,0.12947,0.00581,0,0.010101,0.003367,0.010101,0.003367,0.010101,0.003367,0.010101,0.003367
69,21962.6,0.38433,0.41146,0.28237,0.00391,0.24316,0.984,0.97251,0.99362,0.96926,0.98394,0.97051,0.99322,0.96954,0.27345,0.34135,0.13392,0.00576,0,0.009804,0.003268,0.009804,0.003268,0.009804,0.003268,0.009804,0.003268
70,22279.3,0.38331,0.40643,0.27919,0.00393,0.23933,0.9857,0.97456,0.99408,0.96956,0.98478,0.97178,0.99357,0.97,0.27417,0.34382,0.12753,0.00581,0,0.009507,0.003169,0.009507,0.003169,0.009507,0.003169,0.009507,0.003169
71,22597.1,0.37943,0.40941,0.2848,0.00389,0.25392,0.983,0.98143,0.99424,0.97098,0.98959,0.97233,0.99363,0.97059,0.26895,0.33898,0.12476,0.00564,0,0.00921,0.00307,0.00921,0.00307,0.00921,0.00307,0.00921,0.00307
72,22914.5,0.38344,0.41263,0.28786,0.00393,0.24655,0.98552,0.97581,0.99414,0.97099,0.98386,0.97466,0.99334,0.97092,0.27168,0.34358,0.12477,0.00568,0,0.008913,0.002971,0.008913,0.002971,0.008913,0.002971,0.008913,0.002971
73,23230.9,0.37422,0.4023,0.2771,0.0038,0.24694,0.98381,0.98,0.99425,0.97117,0.98702,0.97468,0.99382,0.97088,0.2707,0.34285,0.12268,0.00566,0,0.008616,0.002872,0.008616,0.002872,0.008616,0.002872,0.008616,0.002872
74,23547.6,0.37506,0.40898,0.2802,0.00383,0.24291,0.98606,0.97993,0.99427,0.97159,0.98865,0.97334,0.99375,0.97211,0.26948,0.34426,0.12136,0.00563,0,0.008319,0.002773,0.008319,0.002773,0.008319,0.002773,0.008319,0.002773
75,23865.7,0.37003,0.40214,0.26509,0.00376,0.2303,0.98944,0.97605,0.99433,0.97182,0.98773,0.97342,0.99368,0.97185,0.26905,0.34573,0.12187,0.00559,0,0.008022,0.002674,0.008022,0.002674,0.008022,0.002674,0.008022,0.002674
76,24182.1,0.3678,0.40094,0.2596,0.00377,0.22311,0.98743,0.97444,0.99422,0.97185,0.98589,0.97307,0.99378,0.97177,0.26728,0.34266,0.1237,0.00556,0,0.007725,0.002575,0.007725,0.002575,0.007725,0.002575,0.007725,0.002575
77,24498.5,0.36568,0.39763,0.26466,0.00368,0.21821,0.98744,0.97676,0.99399,0.97213,0.98611,0.97278,0.9936,0.97117,0.26668,0.34265,0.12593,0.00553,0,0.007428,0.002476,0.007428,0.002476,0.007428,0.002476,0.007428,0.002476
78,24814.5,0.361,0.39615,0.26387,0.00365,0.2291,0.98387,0.98273,0.99424,0.97243,0.98611,0.97513,0.99376,0.97185,0.26749,0.34533,0.12152,0.00558,0,0.007131,0.002377,0.007131,0.002377,0.007131,0.002377,0.007131,0.002377
79,25135,0.35752,0.39036,0.25487,0.00361,0.21868,0.98733,0.98077,0.99432,0.97227,0.98899,0.97388,0.99377,0.97266,0.26859,0.34154,0.11746,0.00558,0,0.006834,0.002278,0.006834,0.002278,0.006834,0.002278,0.006834,0.002278
80,25451.4,0.36281,0.40017,0.25967,0.00369,0.21851,0.98462,0.98312,0.99426,0.97296,0.98322,0.98004,0.99375,0.97293,0.26658,0.34025,0.12015,0.00552,0,0.006537,0.002179,0.006537,0.002179,0.006537,0.002179,0.006537,0.002179
81,25769.7,0.35546,0.39214,0.24982,0.00354,0.20533,0.98664,0.98063,0.99429,0.97254,0.98408,0.97823,0.99397,0.97275,0.26468,0.3374,0.12136,0.00549,0,0.00624,0.00208,0.00624,0.00208,0.00624,0.00208,0.00624,0.00208
82,26087.8,0.34979,0.38217,0.24297,0.00349,0.19597,0.98296,0.98138,0.99422,0.97252,0.98627,0.97415,0.99331,0.9726,0.26469,0.34528,0.1223,0.00551,0,0.005943,0.001981,0.005943,0.001981,0.005943,0.001981,0.005943,0.001981
83,26404.9,0.35151,0.38624,0.2494,0.0035,0.20888,0.98881,0.97905,0.99442,0.97306,0.99035,0.97516,0.9938,0.9726,0.26311,0.34935,0.11794,0.00548,0,0.005646,0.001882,0.005646,0.001882,0.005646,0.001882,0.005646,0.001882
84,26721.5,0.34635,0.3862,0.24082,0.00349,0.20121,0.98841,0.98089,0.99436,0.97356,0.98767,0.9769,0.99356,0.97265,0.26152,0.34516,0.12026,0.00544,0,0.005349,0.001783,0.005349,0.001783,0.005349,0.001783,0.005349,0.001783
85,27038.1,0.34603,0.38631,0.24069,0.00347,0.20621,0.98986,0.97865,0.9944,0.97396,0.98823,0.97704,0.99362,0.97348,0.26202,0.34673,0.11937,0.00545,0,0.005052,0.001684,0.005052,0.001684,0.005052,0.001684,0.005052,0.001684
86,27355.6,0.34448,0.38773,0.23614,0.0035,0.19732,0.98774,0.9835,0.99444,0.9743,0.98575,0.97931,0.99372,0.97362,0.26154,0.3472,0.11698,0.00543,0,0.004755,0.001585,0.004755,0.001585,0.004755,0.001585,0.004755,0.001585
87,27673.4,0.33862,0.3751,0.23825,0.00341,0.19384,0.98953,0.97963,0.99437,0.97372,0.98829,0.97691,0.99339,0.97338,0.26155,0.34958,0.11901,0.00541,0,0.004458,0.001486,0.004458,0.001486,0.004458,0.001486,0.004458,0.001486
88,27990.3,0.34306,0.38087,0.23106,0.00341,0.18239,0.98726,0.98299,0.99445,0.97398,0.98605,0.97798,0.99346,0.97358,0.26198,0.35061,0.1152,0.00542,0,0.004161,0.001387,0.004161,0.001387,0.004161,0.001387,0.004161,0.001387
89,28306.8,0.33975,0.38399,0.22744,0.00339,0.1868,0.98806,0.98449,0.99451,0.97423,0.98609,0.9807,0.99354,0.9738,0.26208,0.35006,0.11469,0.00543,0,0.003864,0.001288,0.003864,0.001288,0.003864,0.001288,0.003864,0.001288
90,28624.2,0.3388,0.38118,0.22925,0.00335,0.18724,0.98384,0.98542,0.99442,0.97429,0.98422,0.97977,0.99345,0.97386,0.26162,0.34858,0.11607,0.0054,0,0.003567,0.001189,0.003567,0.001189,0.003567,0.001189,0.003567,0.001189
91,28944,0.26957,0.3027,0.13927,0.00478,0.07037,0.99015,0.97806,0.99438,0.9742,0.98781,0.97535,0.99359,0.97396,0.26303,0.3592,0.11659,0.00545,0,0.00327,0.00109,0.00327,0.00109,0.00327,0.00109,0.00327,0.00109
92,29256.4,0.2587,0.29216,0.12394,0.00447,0.05627,0.98982,0.98084,0.9945,0.97384,0.98875,0.97704,0.99367,0.97389,0.26363,0.36199,0.11488,0.00547,0,0.002973,0.000991,0.002973,0.000991,0.002973,0.000991,0.002973,0.000991
93,29571.1,0.25297,0.28679,0.11887,0.00431,0.05525,0.98895,0.97893,0.99448,0.97444,0.98676,0.97697,0.99368,0.97371,0.26279,0.36065,0.11435,0.00543,0,0.002676,0.000892,0.002676,0.000892,0.002676,0.000892,0.002676,0.000892
94,29884.8,0.25139,0.28718,0.11778,0.00427,0.05821,0.98226,0.987,0.99452,0.97456,0.98347,0.98156,0.99384,0.97393,0.2617,0.35811,0.11485,0.00539,0,0.002379,0.000793,0.002379,0.000793,0.002379,0.000793,0.002379,0.000793
95,30199.1,0.24973,0.28303,0.11264,0.00423,0.05465,0.98711,0.98666,0.99463,0.9752,0.9903,0.97861,0.99403,0.97452,0.2605,0.35921,0.11281,0.00535,0,0.002082,0.000694,0.002082,0.000694,0.002082,0.000694,0.002082,0.000694
96,30512.5,0.24471,0.28247,0.10578,0.00411,0.04901,0.99077,0.98495,0.99466,0.97526,0.99238,0.978,0.99398,0.9747,0.26057,0.36392,0.11077,0.00535,0,0.001785,0.000595,0.001785,0.000595,0.001785,0.000595,0.001785,0.000595
97,30826.5,0.2428,0.27981,0.108,0.00408,0.05048,0.99168,0.98556,0.99465,0.97575,0.99022,0.98045,0.99405,0.97488,0.26043,0.36441,0.11073,0.00533,0,0.001488,0.000496,0.001488,0.000496,0.001488,0.000496,0.001488,0.000496
98,31139.7,0.23976,0.27824,0.10251,0.00402,0.05007,0.99229,0.98479,0.99469,0.97569,0.98999,0.98008,0.99398,0.97491,0.25998,0.3648,0.10907,0.00533,0,0.001191,0.000397,0.001191,0.000397,0.001191,0.000397,0.001191,0.000397
99,31455.1,0.2376,0.27959,0.10659,0.00399,0.05466,0.98981,0.98561,0.99462,0.9757,0.99272,0.97553,0.99393,0.97494,0.25935,0.36556,0.10914,0.00531,0,0.000894,0.000298,0.000894,0.000298,0.000894,0.000298,0.000894,0.000298
100,31769.1,0.23509,0.27901,0.10259,0.00394,0.05286,0.99032,0.98754,0.99469,0.97587,0.98676,0.98399,0.99406,0.97522,0.25869,0.36582,0.10758,0.00529,0,0.000597,0.000199,0.000597,0.000199,0.000597,0.000199,0.000597,0.000199
